"id","employee_name"
1,Дмитрий
2,Ксения
3,Иван
4,Никита
5,Анастасия
6,Сергей
7,Светлана
8,Анна
9,Ирина
10,Артем
11,Роман
12,Олег
13,Дмитрий
14,Ксения
15,Иван
16,Никита
17,Анастасия
18,Сергей
19,Светлана
20,Анна
21,Ирина
22,Артем
23,Роман
24,Олег
25,Дмитрий
26,Ксения
27,Иван
28,Никита
29,Анастасия
30,Сергей
31,Светлана
32,Анна
33,Ирина
34,Артем
35,Роман
36,Олег
37,Дмитрий
38,Ксения
39,Иван
40,Никита
41,Анастасия
42,Сергей
43,Светлана
44,Анна
45,Ирина
46,Артем
47,Роман
48,Олег
49,Дмитрий
50,Ксения
51,Иван
52,Никита
53,Анастасия
54,Сергей
55,Светлана
56,Анна
57,Ирина
58,Артем
59,Роман
60,Олег
61,Дмитрий
62,Ксения
63,Иван
64,Никита
65,Анастасия
66,Сергей
67,Светлана
68,Анна
69,Ирина
70,Артем
71,Роман
72,Олег
